<?xml version="1.0"?>
<extension>
	<id>91d8fb10-saudio-11e3-ac10-0800200c9a66</id>
	<name>PLUGIN_SIMPLEAUDIODSP</name>
	<module>Plugins::SimpleAudioDSP::Plugin</module>
	<version>1.0.2</version>
	<description>PLUGIN_SIMPLEAUDIODSP_DESC</description>
	<creator>mellowsoftwarehouse</creator>
	<email>mellow@softwarehouse.com</email>
	<defaultState>enabled</defaultState>
	<playerMenu>SETTINGS</playerMenu>
	<homepageURL>https://github.com/mellowsoftwarehouse/SimpleAudioDSP</homepageURL>
	<optionsURL>plugins/SimpleAudioDSP/settings/basic.html</optionsURL>
	<type>2</type>
	<targetApplication>
		<id>Logitech Media Server</id>
		<minVersion>7.8</minVersion>
		<maxVersion>*</maxVersion>
	</targetApplication>
</extension>
