<?xml version="1.0" encoding="UTF-8"?>
<extension>
  <name>SimpleAudioDSP</name>
  <module>Plugins::SimpleAudioDSP::Plugin</module>
  <version>1.0.0</version>
  <description>Simple audio processing plugin</description>
  <creator>mellowsoftwarehouse</creator>
  <email>mellow@softwarehouse.com</email>
  <homepageURL>https://github.com/mellowsoftwarehouse/SimpleAudioDSP</homepageURL>
  <category>audio</category>
  <targetApplication>
    <id>SqueezeboxServer</id>
    <minVersion>7.9</minVersion>
    <maxVersion>*</maxVersion>
  </targetApplication>
</extension>
